1	Toy Story (1995)	0001110000000000
2	GoldenEye (1995)	0110000000000000
3	Four Rooms (1995)	0000000000000000
4	Get Shorty (1995)	0100010010000000
5	Copycat (1995)	0000001010000000
6	Shanghai Triad (Yao a yao yao dao waipo qiao) (1995)	0000000010000000
7	Twelve Monkeys (1995)	0000000010000001
8	Babe (1995)	0000110010000000
9	Dead Man Walking (1995)	0000000010000000
10	Richard III (1995)	0000000010000000
11	Seven (Se7en) (1995)	0000001000000000
12	Usual Suspects, The (1995)	0000001000000000
13	Mighty Aphrodite (1995)	0000010000000000
14	Postino, Il (1994)	0000000010000010
15	Mr. Holland's Opus (1995)	0000000010000000
16	French Twist (Gazon maudit) (1995)	0000010000000010
17	From Dusk Till Dawn (1996)	0100011000010000
18	White Balloon, The (1995)	0000000010000000
19	Antonia's Line (1995)	0000000010000000
20	Angels and Insects (1995)	0000000010000010
21	Muppet Treasure Island (1996)	0110010000001000
22	Braveheart (1995)	0100000010000000
23	Taxi Driver (1976)	0000000010000000
24	Rumble in the Bronx (1995)	0110001000000000
25	Birdcage, The (1996)	0000010000000000
26	Brothers McMullen, The (1995)	0000010000000000
27	Bad Boys (1995)	0100000000000000
28	Apollo 13 (1995)	0100000010000000
29	Batman Forever (1995)	0110011000000000
30	Belle de jour (1967)	0000000010000000
31	Crimson Tide (1995)	0000000010000000
32	Crumb (1994)	0000000100000000
33	Desperado (1995)	0100000000000010
34	Doom Generation, The (1995)	0000010010000000
35	Free Willy 2: The Adventure Home (1995)	0010100010000000
36	Mad Love (1995)	0000000010000010
37	Nadja (1994)	0000000010000000
38	Net, The (1995)	0000000000000001
39	Strange Days (1995)	0100001000000001
40	To Wong Foo, Thanks for Everything! Julie Newmar (1995)	0000010000000000
41	Billy Madison (1995)	0000010000000000
42	Clerks (1994)	0000010000000000
43	Disclosure (1994)	0000000010000000
44	Dolores Claiborne (1994)	0000000010000000
45	Eat Drink Man Woman (1994)	0000010010000000
46	Exotica (1994)	0000000010000000
47	Ed Wood (1994)	0000010010000000
48	Hoop Dreams (1994)	0000000100000000
49	I.Q. (1994)	0000010000000010
50	Star Wars (1977)	0110000000000011
51	Legends of the Fall (1994)	0000000010000010
52	Madness of King George, The (1994)	0000000010000000
53	Natural Born Killers (1994)	0100000000000000
54	Outbreak (1995)	0100000010000000
55	Professional, The (1994)	0000001010000010
56	Pulp Fiction (1994)	0000001010000000
57	Priest (1994)	0000000010000000
58	Quiz Show (1994)	0000000010000000
59	Three Colors: Red (1994)	0000000010000000
60	Three Colors: Blue (1993)	0000000010000000
61	Three Colors: White (1994)	0000000010000000
62	Stargate (1994)	0110000000000001
63	Santa Clause, The (1994)	0000110000000000
64	Shawshank Redemption, The (1994)	0000000010000000
65	What's Eating Gilbert Grape (1993)	0000010010000000
66	While You Were Sleeping (1995)	0000010000000010
67	Ace Ventura: Pet Detective (1994)	0000010000000000
68	Crow, The (1994)	0100000000000010
69	Forrest Gump (1994)	0000010000000010
70	Four Weddings and a Funeral (1994)	0000010000000010
71	Lion King, The (1994)	0001100000001000
72	Mask, The (1994)	0000011001000000
73	Maverick (1994)	0100010000000000
74	Faster Pussycat! Kill! Kill! (1965)	0100010010000000
75	Brother Minister: The Assassination of Malcolm X (1994)	0000000100000000
76	Carlito's Way (1993)	0000001010000000
77	Firm, The (1993)	0000000010000000
78	Free Willy (1993)	0010100010000000
79	Fugitive, The (1993)	0100000000000000
80	Hot Shots! Part Deux (1993)	0100010000000000
81	Hudsucker Proxy, The (1994)	0000010000000010
82	Jurassic Park (1993)	0110000000000001
83	Much Ado About Nothing (1993)	0000010000000010
84	Robert A. Heinlein's The Puppet Masters (1994)	0000000000010001
85	Ref, The (1994)	0000010000000000
86	Remains of the Day, The (1993)	0000000010000000
87	Searching for Bobby Fischer (1993)	0000000010000000
88	Sleepless in Seattle (1993)	0000010000000010
89	Blade Runner (1982)	0000000000100001
90	So I Married an Axe Murderer (1993)	0000010000000010
91	Nightmare Before Christmas, The (1993)	0000110000001000
92	True Romance (1993)	0100001000000010
93	Welcome to the Dollhouse (1995)	0000010010000000
94	Home Alone (1990)	0000110000000000
95	Aladdin (1992)	0001110000001000
96	Terminator 2: Judgment Day (1991)	0100000000000001
97	Dances with Wolves (1990)	0010000010000000
98	Silence of the Lambs, The (1991)	0000000010000000
99	Snow White and the Seven Dwarfs (1937)	0001100000001000
100	Fargo (1996)	0000001010000000
101	Heavy Metal (1981)	0111000000010001
102	Aristocats, The (1970)	0001100000000000
103	All Dogs Go to Heaven 2 (1996)	0001100000001000
104	Theodore Rex (1995)	0000010000000000
105	Sgt. Bilko (1996)	0000010000000000
106	Diabolique (1996)	0000000010000000
107	Moll Flanders (1996)	0000000010000000
108	Kids in the Hall: Brain Candy (1996)	0000010000000000
109	Mystery Science Theater 3000: The Movie (1996)	0000010000000001
110	Operation Dumbo Drop (1995)	0110010000000000
111	Truth About Cats & Dogs, The (1996)	0000010000000010
112	Flipper (1996)	0010100000000000
113	Horseman on the Roof, The (Hussard sur le toit, Le) (1995)	0000000010000000
114	Wallace & Gromit: The Best of Aardman Animation (1996)	0001000000000000
115	Haunted World of Edward D. Wood Jr., The (1995)	0000000100000000
116	Cold Comfort Farm (1995)	0000010000000000
117	Rock, The (1996)	0110000000000000
118	Twister (1996)	0110000000000000
119	Maya Lin: A Strong Clear Vision (1994)	0000000100000000
120	Striptease (1996)	0000011000000000
121	Independence Day (ID4) (1996)	0100000000000001
122	Cable Guy, The (1996)	0000010000000000
123	Frighteners, The (1996)	0000010000010000
124	Lone Star (1996)	0000000010000100
125	Phenomenon (1996)	0000000010000010
126	Spitfire Grill, The (1996)	0000000010000000
127	Godfather, The (1972)	0100001010000000
128	Supercop (1992)	0100000000000000
129	Bound (1996)	0000001010000010
130	Kansas City (1996)	0000001000000000
131	Breakfast at Tiffany's (1961)	0000000010000010
132	Wizard of Oz, The (1939)	0010100010001000
133	Gone with the Wind (1939)	0000000010000010
134	Citizen Kane (1941)	0000000010000000
135	2001: A Space Odyssey (1968)	0000000010000101
136	Mr. Smith Goes to Washington (1939)	0000000010000000
137	Big Night (1996)	0000000010000000
138	D3: The Mighty Ducks (1996)	0000110000000000
139	Love Bug, The (1969)	0000110000000000
140	Homeward Bound: The Incredible Journey (1993)	0010100000000000
141	20,000 Leagues Under the Sea (1954)	0010100001000001
142	Bedknobs and Broomsticks (1971)	0010100000001000
143	Sound of Music, The (1965)	0000000000001000
144	Die Hard (1988)	0100000000000000
145	Lawnmower Man, The (1992)	0100000000000001
146	Unhook the Stars (1996)	0000000010000000
147	Long Kiss Goodnight, The (1996)	0100000000000000
148	Ghost and the Darkness, The (1996)	0110000000000000
149	Jude (1996)	0000000010000000
150	Swingers (1996)	0000010010000000
151	Willy Wonka and the Chocolate Factory (1971)	0010110000000000
152	Sleeper (1973)	0000010000000001
153	Fish Called Wanda, A (1988)	0000010000000000
154	Monty Python's Life of Brian (1979)	0000010000000000
155	Dirty Dancing (1987)	0000000000001010
156	Reservoir Dogs (1992)	0000001000000000
157	Platoon (1986)	0000000010000000
158	Weekend at Bernie's (1989)	0000010000000000
159	Basic Instinct (1992)	0000000000000100
160	Glengarry Glen Ross (1992)	0000000010000000
161	Top Gun (1986)	0100000000000010
162	On Golden Pond (1981)	0000000010000000
163	Return of the Pink Panther, The (1974)	0000010000000000
164	Abyss, The (1989)	0110000000000001
165	Jean de Florette (1986)	0000000010000000
166	Manon of the Spring (Manon des sources) (1986)	0000000010000000
167	Private Benjamin (1980)	0000010000000000
168	Monty Python and the Holy Grail (1974)	0000010000000000
169	Wrong Trousers, The (1993)	0001010000000000
170	Cinema Paradiso (1988)	0000010010000010
171	Delicatessen (1991)	0000010000000001
172	Empire Strikes Back, The (1980)	0110000010000011
173	Princess Bride, The (1987)	0110010000000010
174	Raiders of the Lost Ark (1981)	0110000000000000
175	Brazil (1985)	0000000000000001
176	Aliens (1986)	0100000000000001
177	Good, The Bad and The Ugly, The (1966)	0100000000000000
178	12 Angry Men (1957)	0000000010000000
179	Clockwork Orange, A (1971)	0000000000000001
180	Apocalypse Now (1979)	0000000010000000
181	Return of the Jedi (1983)	0110000000000011
182	GoodFellas (1990)	0000001010000000
183	Alien (1979)	0100000000010001
184	Army of Darkness (1993)	0110010000010001
185	Psycho (1960)	0000000000010010
186	Blues Brothers, The (1980)	0100010000001000
187	Godfather: Part II, The (1974)	0100001010000000
188	Full Metal Jacket (1987)	0100000010000000
189	Grand Day Out, A (1992)	0001010000000000
190	Henry V (1989)	0000000010000000
191	Amadeus (1984)	0000000010000100
192	Raging Bull (1980)	0000000010000000
193	Right Stuff, The (1983)	0000000010000000
194	Sting, The (1973)	0000011000000000
195	Terminator, The (1984)	0100000000000001
196	Dead Poets Society (1989)	0000000010000000
197	Graduate, The (1967)	0000000010000010
198	Nikita (La Femme Nikita) (1990)	0000000000000000
199	Bridge on the River Kwai, The (1957)	0000000010000000
200	Shining, The (1980)	0000000000010000
201	Evil Dead II (1987)	0110010000010000
202	Groundhog Day (1993)	0000010000000010
203	Unforgiven (1992)	0000000000000000
204	Back to the Future (1985)	0000010000000001
205	Patton (1970)	0000000010000000
206	Akira (1988)	0011000000000001
207	Cyrano de Bergerac (1990)	0100000010000010
208	Young Frankenstein (1974)	0000010000010000
209	This Is Spinal Tap (1984)	0000010010001000
210	Indiana Jones and the Last Crusade (1989)	0110000000000000
211	M*A*S*H (1970)	0000010000000000
212	Unbearable Lightness of Being, The (1988)	0000000010000000
213	Room with a View, A (1986)	0000000010000010
214	Pink Floyd - The Wall (1982)	0000000010001000
215	Field of Dreams (1989)	0000000010000000
216	When Harry Met Sally... (1989)	0000010000000010
217	Bram Stoker's Dracula (1992)	0000000000010010
218	Cape Fear (1991)	0000000000000000
219	Nightmare on Elm Street, A (1984)	0000000000010000
220	Mirror Has Two Faces, The (1996)	0000010000000010
221	Breaking the Waves (1996)	0000000010000000
222	Star Trek: First Contact (1996)	0110000000000001
223	Sling Blade (1996)	0000000010000000
224	Ridicule (1996)	0000000010000000
225	101 Dalmatians (1996)	0000110000000000
226	Die Hard 2 (1990)	0100000000000000
227	Star Trek VI: The Undiscovered Country (1991)	0110000000000001
228	Star Trek: The Wrath of Khan (1982)	0110000000000001
229	Star Trek III: The Search for Spock (1984)	0110000000000001
230	Star Trek IV: The Voyage Home (1986)	0110000000000001
231	Batman Returns (1992)	0110011000000000
232	Young Guns (1988)	0100010000000000
233	Under Siege (1992)	0100000000000000
234	Jaws (1975)	0100000000010000
235	Mars Attacks! (1996)	0100010000000001
236	Citizen Ruth (1996)	0000010010000000
237	Jerry Maguire (1996)	0000000010000010
238	Raising Arizona (1987)	0000010000000000
239	Sneakers (1992)	0000001010000001
240	Beavis and Butt-head Do America (1996)	0001010000000000
241	Last of the Mohicans, The (1992)	0100000000000010
242	Kolya (1996)	0000010000000000
243	Jungle2Jungle (1997)	0000110000000000
244	Smilla's Sense of Snow (1997)	0100000010000000
245	Devil's Own, The (1997)	0100000010000000
246	Chasing Amy (1997)	0000000010000010
247	Turbo: A Power Rangers Movie (1997)	0110100000000000
248	Grosse Pointe Blank (1997)	0000011000000000
249	Austin Powers: International Man of Mystery (1997)	0000010000000000
250	Fifth Element, The (1997)	0100000000000001
251	Shall We Dance? (1996)	0000010000000000
252	Lost World: Jurassic Park, The (1997)	0110000000000001
253	Pillow Book, The (1995)	0000000010000010
254	Batman & Robin (1997)	0110001000000000
255	My Best Friend's Wedding (1997)	0000010000000010
256	When the Cats Away (Chacun cherche son chat) (1996)	0000010000000010
257	Men in Black (1997)	0110010000000001
258	Contact (1997)	0000000010000001
259	George of the Jungle (1997)	0000110000000000
260	Event Horizon (1997)	0100000000000101
261	Air Bud (1997)	0000110000000000
262	In the Company of Men (1997)	0000000010000000
263	Steel (1997)	0100000000000000
264	Mimic (1997)	0000000000000001
265	Hunt for Red October, The (1990)	0100000000000000
266	Kull the Conqueror (1997)	0110000000000000
267	unknown	1000000000000000
268	Chasing Amy (1997)	0000000010000010
269	Full Monty, The (1997)	0000010000000000
270	Gattaca (1997)	0000000010000001
271	Starship Troopers (1997)	0110000000000001
272	Good Will Hunting (1997)	0000000010000000
273	Heat (1995)	0100001000000000
274	Sabrina (1995)	0000010000000010
275	Sense and Sensibility (1995)	0000000010000010
276	Leaving Las Vegas (1995)	0000000010000010
277	Restoration (1995)	0000000010000000
278	Bed of Roses (1996)	0000000010000010
279	Once Upon a Time... When We Were Colored (1995)	0000000010000000
280	Up Close and Personal (1996)	0000000010000010
281	River Wild, The (1994)	0100000000000000
282	Time to Kill, A (1996)	0000000010000000
283	Emma (1996)	0000000010000010
284	Tin Cup (1996)	0000010000000010
285	Secrets & Lies (1996)	0000000010000000
286	English Patient, The (1996)	0000000010000010
287	Marvin's Room (1996)	0000000010000000
288	Scream (1996)	0000000000010000
289	Evita (1996)	0000000010001000
290	Fierce Creatures (1997)	0000010000000000
291	Absolute Power (1997)	0000000000000100
292	Rosewood (1997)	0000000010000000
293	Donnie Brasco (1997)	0000001010000000
294	Liar Liar (1997)	0000010000000000
295	Breakdown (1997)	0100000000000000
296	Promesse, La (1996)	0000000010000000
297	Ulee's Gold (1997)	0000000010000000
298	Face/Off (1997)	0100000000000001
299	Hoodlum (1997)	0000001010100000
300	Air Force One (1997)	0100000000000000
301	In & Out (1997)	0000010000000000
302	L.A. Confidential (1997)	0000001000100100
303	Ulee's Gold (1997)	0000000010000000
304	Fly Away Home (1996)	0010100000000000
305	Ice Storm, The (1997)	0000000010000000
306	Mrs. Brown (Her Majesty, Mrs. Brown) (1997)	0000000010000010
307	Devil's Advocate, The (1997)	0000001000010100
308	FairyTale: A True Story (1997)	0000100011000000
309	Deceiver (1997)	0000001000000000
310	Rainmaker, The (1997)	0000000010000000
311	Wings of the Dove, The (1997)	0000000010000010
312	Midnight in the Garden of Good and Evil (1997)	0000011010000100
313	Titanic (1997)	0100000010000010
314	3 Ninjas: High Noon At Mega Mountain (1998)	0100100000000000
315	Apt Pupil (1998)	0000000010000000
316	As Good As It Gets (1997)	0000010010000000
317	In the Name of the Father (1993)	0000000010000000
318	Schindler's List (1993)	0000000010000000
319	Everyone Says I Love You (1996)	0000010000001010
320	Paradise Lost: The Child Murders at Robin Hood Hills (1996)	0000000100000000
321	Mother (1996)	0000010000000000
322	Murder at 1600 (1997)	0000000000000100
323	Dante's Peak (1997)	0100000000000000
324	Lost Highway (1997)	0000000000000100
325	Crash (1996)	0000000010000000
326	G.I. Jane (1997)	0100000010000000
327	Cop Land (1997)	0000001010000100
328	Conspiracy Theory (1997)	0100000000000110
329	Desperate Measures (1998)	0000001010000000
330	187 (1997)	0000000010000000
331	Edge, The (1997)	0010000000000000
332	Kiss the Girls (1997)	0000001010000000
333	Game, The (1997)	0000000000000100
334	U Turn (1997)	0100001000000100
335	How to Be a Player (1997)	0000010000000000
336	Playing God (1997)	0000001000000000
337	House of Yes, The (1997)	0000010010000000
338	Bean (1997)	0000010000000000
339	Mad City (1997)	0100000010000000
340	Boogie Nights (1997)	0000000010000000
341	Critical Care (1997)	0000010000000000
342	Man Who Knew Too Little, The (1997)	0000010000000100
343	Alien: Resurrection (1997)	0100000000010001
344	Apostle, The (1997)	0000000010000000
345	Deconstructing Harry (1997)	0000010010000000
346	Jackie Brown (1997)	0000001010000000
347	Wag the Dog (1997)	0000010010000000
348	Desperate Measures (1998)	0000001010000000
349	Hard Rain (1998)	0100000000000000
350	Fallen (1998)	0100000000000100
351	Prophecy II, The (1998)	0000000000010000
352	Spice World (1997)	0000010000001000
353	Deep Rising (1998)	0100000000010001
354	Wedding Singer, The (1998)	0000010000000010
355	Sphere (1998)	0010000000000001
356	Client, The (1994)	0000000010000100
357	One Flew Over the Cuckoo's Nest (1975)	0000000010000000
358	Spawn (1997)	0110000000000001
359	Assignment, The (1997)	0000000000000000
360	Wonderland (1997)	0000000100000000
361	Incognito (1997)	0000001000000000
362	Blues Brothers 2000 (1998)	0100010000001000
363	Sudden Death (1995)	0100000000000000
364	Ace Ventura: When Nature Calls (1995)	0000010000000000
365	Powder (1995)	0000000010000000
366	Dangerous Minds (1995)	0000000010000000
367	Clueless (1995)	0000010000000000
368	Bio-Dome (1996)	0000010000000000
369	Black Sheep (1996)	0000010000000000
370	Mary Reilly (1996)	0000000010000000
371	Bridges of Madison County, The (1995)	0000000010000010
372	Jeffrey (1995)	0000010000000000
373	Judge Dredd (1995)	0110000000000001
374	Mighty Morphin Power Rangers: The Movie (1995)	0100100000000000
375	Showgirls (1995)	0000000010000000
376	Houseguest (1994)	0000010000000000
377	Heavyweights (1994)	0000110000000000
378	Miracle on 34th Street (1994)	0000000010000000
379	Tales From the Crypt Presents: Demon Knight (1995)	0000000000010000
380	Star Trek: Generations (1994)	0110000000000001
381	Muriel's Wedding (1994)	0000010000000010
382	Adventures of Priscilla, Queen of the Desert, The (1994)	0000010010000000
383	Flintstones, The (1994)	0000110000000000
384	Naked Gun 33 1/3: The Final Insult (1994)	0000010000000000
385	True Lies (1994)	0110010000000010
386	Addams Family Values (1993)	0000010000000000
387	Age of Innocence, The (1993)	0000000010000000
388	Beverly Hills Cop III (1994)	0100010000000000
389	Black Beauty (1994)	0010100000000000
390	Fear of a Black Hat (1993)	0000010000000000
391	Last Action Hero (1993)	0100010000000000
392	Man Without a Face, The (1993)	0000000010000000
393	Mrs. Doubtfire (1993)	0000010000000000
394	Radioland Murders (1994)	0000010000000110
395	Robin Hood: Men in Tights (1993)	0000010000000000
396	Serial Mom (1994)	0000011000010000
397	Striking Distance (1993)	0100000000000000
398	Super Mario Bros. (1993)	0110100000000001
399	Three Musketeers, The (1993)	0110010000000000
400	Little Rascals, The (1994)	0000110000000000
401	Brady Bunch Movie, The (1995)	0000010000000000
402	Ghost (1990)	0000010000000010
403	Batman (1989)	0110001010000000
404	Pinocchio (1940)	0001100000000000
405	Mission: Impossible (1996)	0110000000000100
406	Thinner (1996)	0000000000010000
407	Spy Hard (1996)	0000010000000000
408	Close Shave, A (1995)	0001010000000000
409	Jack (1996)	0000010010000000
410	Kingpin (1996)	0000010000000000
411	Nutty Professor, The (1996)	0000010001000011
412	Very Brady Sequel, A (1996)	0000010000000000
413	Tales from the Crypt Presents: Bordello of Blood (1996)	0000000000010000
414	My Favorite Year (1982)	0000010000000000
415	Apple Dumpling Gang, The (1975)	0000110000000000
416	Old Yeller (1957)	0000100010000000
417	Parent Trap, The (1961)	0000100010000000
418	Cinderella (1950)	0001100000001000
419	Mary Poppins (1964)	0000110000001000
420	Alice in Wonderland (1951)	0001100000001000
421	William Shakespeare's Romeo and Juliet (1996)	0000000010000010
422	Aladdin and the King of Thieves (1996)	0001110000000000
423	E.T. the Extra-Terrestrial (1982)	0000100011000001
424	Children of the Corn: The Gathering (1996)	0000000000010000
425	Bob Roberts (1992)	0000010000000000
426	Transformers: The Movie, The (1986)	0101100000000001
427	To Kill a Mockingbird (1962)	0000000010000000
428	Harold and Maude (1971)	0000010000000000
429	Day the Earth Stood Still, The (1951)	0000000010000001
430	Duck Soup (1933)	0000010000000000
431	Highlander (1986)	0110000000000000
432	Fantasia (1940)	0001100000001000
433	Heathers (1989)	0000010000000000
434	Forbidden Planet (1956)	0000000000000001
435	Butch Cassidy and the Sundance Kid (1969)	0100010000000000
436	American Werewolf in London, An (1981)	0000000000010000
437	Amityville 1992: It's About Time (1992)	0000000000010000
438	Amityville 3-D (1983)	0000000000010000
439	Amityville: A New Generation (1993)	0000000000010000
440	Amityville II: The Possession (1982)	0000000000010000
441	Amityville Horror, The (1979)	0000000000010000
442	Amityville Curse, The (1990)	0000000000010000
443	Birds, The (1963)	0000000000010000
444	Blob, The (1958)	0000000000010001
445	Body Snatcher, The (1945)	0000000000010000
446	Burnt Offerings (1976)	0000000000010000
447	Carrie (1976)	0000000000010000
448	Omen, The (1976)	0000000000010000
449	Star Trek: The Motion Picture (1979)	0110000000000001
450	Star Trek V: The Final Frontier (1989)	0110000000000001
451	Grease (1978)	0000010000001010
452	Jaws 2 (1978)	0100000000010000
453	Jaws 3-D (1983)	0100000000010000
454	Bastard Out of Carolina (1996)	0000000010000000
455	Jackie Chan's First Strike (1996)	0100000000000000
456	Beverly Hills Ninja (1997)	0100010000000000
457	Free Willy 3: The Rescue (1997)	0010100010000000
458	Nixon (1995)	0000000010000000
459	Cry, the Beloved Country (1995)	0000000010000000
460	Crossing Guard, The (1995)	0000000010000000
461	Smoke (1995)	0000000010000000
462	Like Water For Chocolate (Como agua para chocolate) (1992)	0000000010000010
463	Secret of Roan Inish, The (1994)	0010000000000000
464	Vanya on 42nd Street (1994)	0000000010000000
465	Jungle Book, The (1994)	0010100000000010
466	Red Rock West (1992)	0000000000000000
467	Bronx Tale, A (1993)	0000000010000000
468	Rudy (1993)	0000000010000000
469	Short Cuts (1993)	0000000010000000
470	Tombstone (1993)	0000000000000000
471	Courage Under Fire (1996)	0000000010000000
472	Dragonheart (1996)	0110000001000000
473	James and the Giant Peach (1996)	0001100000001000
474	Dr. Strangelove or: How I Learned to Stop Worrying and Love the Bomb (1963)	0000000000000001
475	Trainspotting (1996)	0000000010000000
476	First Wives Club, The (1996)	0000010000000000
477	Matilda (1996)	0000110000000000
478	Philadelphia Story, The (1940)	0000010000000010
479	Vertigo (1958)	0000000000000100
480	North by Northwest (1959)	0000010000000000
481	Apartment, The (1960)	0000010010000000
482	Some Like It Hot (1959)	0000011000000000
483	Casablanca (1942)	0000000010000010
484	Maltese Falcon, The (1941)	0000000000100100
485	My Fair Lady (1964)	0000000000001010
486	Sabrina (1954)	0000010000000010
487	Roman Holiday (1953)	0000010000000010
488	Sunset Blvd. (1950)	0000000000100000
489	Notorious (1946)	0000000000100010
490	To Catch a Thief (1955)	0000010000000010
491	Adventures of Robin Hood, The (1938)	0110000000000000
492	East of Eden (1955)	0000000010000000
493	Thin Man, The (1934)	0000000000000100
494	His Girl Friday (1940)	0000010000000000
495	Around the World in 80 Days (1956)	0010010000000000
496	It's a Wonderful Life (1946)	0000000010000000
497	Bringing Up Baby (1938)	0000010000000000
498	African Queen, The (1951)	0110000000000010
499	Cat on a Hot Tin Roof (1958)	0000000010000000
500	Fly Away Home (1996)	0010100000000000
501	Dumbo (1941)	0001100000001000
502	Bananas (1971)	0000010000000000
503	Candidate, The (1972)	0000000010000000
504	Bonnie and Clyde (1967)	0000001010000000
505	Dial M for Murder (1954)	0000000000000100
506	Rebel Without a Cause (1955)	0000000010000000
507	Streetcar Named Desire, A (1951)	0000000010000000
508	People vs. Larry Flynt, The (1996)	0000000010000000
509	My Left Foot (1989)	0000000010000000
510	Magnificent Seven, The (1954)	0100000010000000
511	Lawrence of Arabia (1962)	0010000000000000
512	Wings of Desire (1987)	0000010010000010
513	Third Man, The (1949)	0000000000000100
514	Annie Hall (1977)	0000010000000010
515	Boot, Das (1981)	0100000010000000
516	Local Hero (1983)	0000010000000000
517	Manhattan (1979)	0000010010000010
518	Miller's Crossing (1990)	0000000010000000
519	Treasure of the Sierra Madre, The (1948)	0010000000000000
520	Great Escape, The (1963)	0010000000000000
521	Deer Hunter, The (1978)	0000000010000000
522	Down by Law (1986)	0000010010000000
523	Cool Hand Luke (1967)	0000010010000000
524	Great Dictator, The (1940)	0000010000000000
525	Big Sleep, The (1946)	0000000000100100
526	Ben-Hur (1959)	0110000010000000
527	Gandhi (1982)	0000000010000000
528	Killing Fields, The (1984)	0000000010000000
529	My Life as a Dog (Mitt liv som hund) (1985)	0000000010000000
530	Man Who Would Be King, The (1975)	0010000000000000
531	Shine (1996)	0000000010000010
532	Kama Sutra: A Tale of Love (1996)	0000000000000010
533	Daytrippers, The (1996)	0000000000000100
534	Traveller (1997)	0000000010000000
535	Addicted to Love (1997)	0000010000000010
536	Ponette (1996)	0000000010000000
537	My Own Private Idaho (1991)	0000000010000000
538	Anastasia (1997)	0001100000001000
539	Mouse Hunt (1997)	0000110000000000
540	Money Train (1995)	0100000000000000
541	Mortal Kombat (1995)	0110000000000000
542	Pocahontas (1995)	0001100000001010
543	Misérables, Les (1995)	0000000010001000
544	Things to Do in Denver when You're Dead (1995)	0000001010000010
545	Vampire in Brooklyn (1995)	0000010000000010
546	Broken Arrow (1996)	0100000000000000
547	Young Poisoner's Handbook, The (1995)	0000001000000000
548	NeverEnding Story III, The (1994)	0000100001000000
549	Rob Roy (1995)	0000000010000010
550	Die Hard: With a Vengeance (1995)	0100000000000000
551	Lord of Illusions (1995)	0000000000010000
552	Species (1995)	0000000000000001
553	Walk in the Clouds, A (1995)	0000000010000010
554	Waterworld (1995)	0110000000000000
555	White Man's Burden (1995)	0000000010000000
556	Wild Bill (1995)	0000000000000000
557	Farinelli: il castrato (1994)	0000000010001000
558	Heavenly Creatures (1994)	0000000011000000
559	Interview with the Vampire (1994)	0000000010010000
560	Kid in King Arthur's Court, A (1995)	0010110001000011
561	Mary Shelley's Frankenstein (1994)	0000000010010000
562	Quick and the Dead, The (1995)	0110000000000000
563	Stephen King's The Langoliers (1995)	0000000000010000
564	Tales from the Hood (1995)	0000010000010000
565	Village of the Damned (1995)	0000000000010000
566	Clear and Present Danger (1994)	0110000000000000
567	Wes Craven's New Nightmare (1994)	0000000000010000
568	Speed (1994)	0100000000000010
569	Wolf (1994)	0000000010010000
570	Wyatt Earp (1994)	0000000000000000
571	Another Stakeout (1993)	0000010000000000
572	Blown Away (1994)	0100000000000000
573	Body Snatchers (1993)	0000000000010001
574	Boxing Helena (1993)	0000000000000110
575	City Slickers II: The Legend of Curly's Gold (1994)	0000010000000000
576	Cliffhanger (1993)	0110001000000000
577	Coneheads (1993)	0000010000000001
578	Demolition Man (1993)	0100000000000001
579	Fatal Instinct (1993)	0000010000000000
580	Englishman Who Went Up a Hill, But Came Down a Mountain, The (1995)	0000010000000010
581	Kalifornia (1993)	0000000010000000
582	Piano, The (1993)	0000000010000010
583	Romeo Is Bleeding (1993)	0000001000000000
584	Secret Garden, The (1993)	0000100010000000
585	Son in Law (1993)	0000010000000000
586	Terminal Velocity (1994)	0100000000000000
587	Hour of the Pig, The (1993)	0000000010000100
588	Beauty and the Beast (1991)	0001100000001000
589	Wild Bunch, The (1969)	0000000000000000
590	Hellraiser: Bloodline (1996)	0100000000010001
591	Primal Fear (1996)	0000000010000000
592	True Crime (1995)	0000000000000100
593	Stalingrad (1993)	0000000000000000
594	Heavy (1995)	0000000010000010
595	Fan, The (1996)	0000000000000000
596	Hunchback of Notre Dame, The (1996)	0001100000001000
597	Eraser (1996)	0100000000000000
598	Big Squeeze, The (1996)	0000010010000000
599	Police Story 4: Project S (Chao ji ji hua) (1993)	0100000000000000
600	Daniel Defoe's Robinson Crusoe (1996)	0000100000000000
601	For Whom the Bell Tolls (1943)	0010000000000000
602	American in Paris, An (1951)	0000000000001010
603	Rear Window (1954)	0000000000000100
604	It Happened One Night (1934)	0000010000000000
605	Meet Me in St. Louis (1944)	0000000000001000
606	All About Eve (1950)	0000000010000000
607	Rebecca (1940)	0000000000000010
608	Spellbound (1945)	0000000000000110
609	Father of the Bride (1950)	0000010000000000
610	Gigi (1958)	0000000000001000
611	Laura (1944)	0000001000100100
612	Lost Horizon (1937)	0000000010000000
613	My Man Godfrey (1936)	0000010000000000
614	Giant (1956)	0000000010000000
615	39 Steps, The (1935)	0000000000000000
616	Night of the Living Dead (1968)	0000000000010001
617	Blue Angel, The (Blaue Engel, Der) (1930)	0000000010000000
618	Picnic (1955)	0000000010000000
619	Extreme Measures (1996)	0000000010000000
620	Chamber, The (1996)	0000000010000000
621	Davy Crockett, King of the Wild Frontier (1955)	0000000000000000
622	Swiss Family Robinson (1960)	0010100000000000
623	Angels in the Outfield (1994)	0000110000000000
624	Three Caballeros, The (1945)	0001100000001000
625	Sword in the Stone, The (1963)	0001100000000000
626	So Dear to My Heart (1949)	0000100010000000
627	Robin Hood: Prince of Thieves (1991)	0000000010000000
628	Sleepers (1996)	0000001010000000
629	Victor/Victoria (1982)	0000010000001000
630	Great Race, The (1965)	0000010000001000
631	Crying Game, The (1992)	0100000010000010
632	Sophie's Choice (1982)	0000000010000000
633	Christmas Carol, A (1938)	0000000010000000
634	Microcosmos: Le peuple de l'herbe (1996)	0000000100000000
635	Fog, The (1980)	0000000000010000
636	Escape from New York (1981)	0110000000000001
637	Howling, The (1981)	0000010000010000
638	Return of Martin Guerre, The (Retour de Martin Guerre, Le) (1982)	0000000010000000
639	Tin Drum, The (Blechtrommel, Die) (1979)	0000000010000000
640	Cook the Thief His Wife & Her Lover, The (1989)	0000000010000000
641	Paths of Glory (1957)	0000000010000000
642	Grifters, The (1990)	0000001010100000
643	The Innocent (1994)	0000000010000010
644	Thin Blue Line, The (1988)	0000000100000000
645	Paris Is Burning (1990)	0000000100000000
646	Once Upon a Time in the West (1969)	0000000000000000
647	Ran (1985)	0000000010000000
648	Quiet Man, The (1952)	0000010000000010
649	Once Upon a Time in America (1984)	0000001010000000
650	Seventh Seal, The (Sjunde inseglet, Det) (1957)	0000000010000000
651	Glory (1989)	0100000010000000
652	Rosencrantz and Guildenstern Are Dead (1990)	0000010010000000
653	Touch of Evil (1958)	0000001000100000
654	Chinatown (1974)	0000000000100100
655	Stand by Me (1986)	0010010010000000
656	M (1931)	0000001000100000
657	Manchurian Candidate, The (1962)	0000000000100000
658	Pump Up the Volume (1990)	0000000010000000
659	Arsenic and Old Lace (1944)	0000010000000100
660	Fried Green Tomatoes (1991)	0000000010000000
661	High Noon (1952)	0000000000000000
662	Somewhere in Time (1980)	0000000010000010
663	Being There (1979)	0000010000000000
664	Paris, Texas (1984)	0000000010000000
665	Alien 3 (1992)	0100000000010001
666	Blood For Dracula (Andy Warhol's Dracula) (1974)	0000000000010000
667	Audrey Rose (1977)	0000000000010000
668	Blood Beach (1981)	0100000000010000
669	Body Parts (1991)	0000000000010000
670	Body Snatchers (1993)	0000000000010001
671	Bride of Frankenstein (1935)	0000000000010000
672	Candyman (1992)	0000000000010000
673	Cape Fear (1962)	0000000000100000
674	Cat People (1982)	0000000000010000
675	Nosferatu (Nosferatu, eine Symphonie des Grauens) (1922)	0000000000010000
676	Crucible, The (1996)	0000000010000000
677	Fire on the Mountain (1996)	0000000100000000
678	Volcano (1997)	0000000010000000
679	Conan the Barbarian (1981)	0110000000000000
680	Kull the Conqueror (1997)	0110000000000000
681	Wishmaster (1997)	0000000000010000
682	I Know What You Did Last Summer (1997)	0000000000010100
683	Rocket Man (1997)	0000010000000000
684	In the Line of Fire (1993)	0100000000000000
685	Executive Decision (1996)	0100000000000000
686	Perfect World, A (1993)	0100000010000000
687	McHale's Navy (1997)	0000010000000000
688	Leave It to Beaver (1997)	0000010000000000
689	Jackal, The (1997)	0100000000000000
690	Seven Years in Tibet (1997)	0000000010000000
691	Dark City (1998)	0000000000100001
692	American President, The (1995)	0000010010000010
693	Casino (1995)	0000000010000000
694	Persuasion (1995)	0000000000000010
695	Kicking and Screaming (1995)	0000010010000000
696	City Hall (1996)	0000000010000000
697	Basketball Diaries, The (1995)	0000000010000000
698	Browning Version, The (1994)	0000000010000000
699	Little Women (1994)	0000000010000000
700	Miami Rhapsody (1995)	0000010000000000
701	Wonderful, Horrible Life of Leni Riefenstahl, The (1993)	0000000100000000
702	Barcelona (1994)	0000010000000010
703	Widows' Peak (1994)	0000000010000000
704	House of the Spirits, The (1993)	0000000010000010
705	Singin' in the Rain (1952)	0000000000001010
706	Bad Moon (1996)	0000000000010000
707	Enchanted April (1991)	0000000010000000
708	Sex, Lies, and Videotape (1989)	0000000010000000
709	Strictly Ballroom (1992)	0000010000000010
710	Better Off Dead... (1985)	0000010000000000
711	Substance of Fire, The (1996)	0000000010000000
712	Tin Men (1987)	0000010010000000
713	Othello (1995)	0000000010000000
714	Carrington (1995)	0000000010000010
715	To Die For (1995)	0000010010000000
716	Home for the Holidays (1995)	0000000010000010
717	Juror, The (1996)	0000000010000000
718	In the Bleak Midwinter (1995)	0000010000000000
719	Canadian Bacon (1994)	0000010000000000
720	First Knight (1995)	0110000010000010
721	Mallrats (1995)	0000010000000000
722	Nine Months (1995)	0000010000000000
723	Boys on the Side (1995)	0000010010000000
724	Circle of Friends (1995)	0000000010000010
725	Exit to Eden (1994)	0000010000000000
726	Fluke (1995)	0000100010000000
727	Immortal Beloved (1994)	0000000010000010
728	Junior (1994)	0000010000000001
729	Nell (1994)	0000000010000000
730	Queen Margot (Reine Margot, La) (1994)	0000000010000010
731	Corrina, Corrina (1994)	0000010010000010
732	Dave (1993)	0000010000000010
733	Go Fish (1994)	0000000010000010
734	Made in America (1993)	0000010000000000
735	Philadelphia (1993)	0000000010000000
736	Shadowlands (1993)	0000000010000010
737	Sirens (1994)	0000010010000000
738	Threesome (1994)	0000010000000010
739	Pretty Woman (1990)	0000010000000010
740	Jane Eyre (1996)	0000000010000010
741	Last Supper, The (1995)	0000000010000000
742	Ransom (1996)	0000000010000000
743	Crow: City of Angels, The (1996)	0100000000000000
744	Michael Collins (1996)	0000000010000000
745	Ruling Class, The (1972)	0000010000000000
746	Real Genius (1985)	0000010000000000
747	Benny & Joon (1993)	0000010000000010
748	Saint, The (1997)	0100000000000010
749	MatchMaker, The (1997)	0000010000000010
750	Amistad (1997)	0000000010000000
751	Tomorrow Never Dies (1997)	0100000000000010
752	Replacement Killers, The (1998)	0100000000000000
753	Burnt By the Sun (1994)	0000000010000000
754	Red Corner (1997)	0000001000000000
755	Jumanji (1995)	0110100001000001
756	Father of the Bride Part II (1995)	0000010000000000
757	Across the Sea of Time (1995)	0000000100000000
758	Lawnmower Man 2: Beyond Cyberspace (1996)	0000000000000001
759	Fair Game (1995)	0100000000000000
760	Screamers (1995)	0000000000000001
761	Nick of Time (1995)	0100000000000000
762	Beautiful Girls (1996)	0000000010000000
763	Happy Gilmore (1996)	0000010000000000
764	If Lucy Fell (1996)	0000010000000010
765	Boomerang (1992)	0000010000000010
766	Man of the Year (1995)	0000000100000000
767	Addiction, The (1995)	0000000000010000
768	Casper (1995)	0010100000000000
769	Congo (1995)	0110000000000101
770	Devil in a Blue Dress (1995)	0000001000100100
771	Johnny Mnemonic (1995)	0100000000000001
772	Kids (1995)	0000000010000000
773	Mute Witness (1994)	0000000000000000
774	Prophecy, The (1995)	0000000000010000
775	Something to Talk About (1995)	0000010010000010
776	Three Wishes (1995)	0000000010000000
777	Castle Freak (1995)	0000000000010000
778	Don Juan DeMarco (1995)	0000010010000010
779	Drop Zone (1994)	0100000000000000
780	Dumb & Dumber (1994)	0000010000000000
781	French Kiss (1995)	0000010000000010
782	Little Odessa (1994)	0000000010000000
783	Milk Money (1994)	0000010000000010
784	Beyond Bedlam (1993)	0000000010010000
785	Only You (1994)	0000010000000010
786	Perez Family, The (1995)	0000010000000010
787	Roommates (1995)	0000010010000000
788	Relative Fear (1994)	0000000000010000
789	Swimming with Sharks (1995)	0000010010000000
790	Tommy Boy (1995)	0000010000000000
791	Baby-Sitters Club, The (1995)	0000100000000000
792	Bullets Over Broadway (1994)	0000010000000000
793	Crooklyn (1994)	0000010000000000
794	It Could Happen to You (1994)	0000000010000010
795	Richie Rich (1994)	0000110000000000
796	Speechless (1994)	0000010000000010
797	Timecop (1994)	0100000000000001
798	Bad Company (1995)	0100000000000000
799	Boys Life (1995)	0000000010000000
800	In the Mouth of Madness (1995)	0000000000010000
801	Air Up There, The (1994)	0000010000000000
802	Hard Target (1993)	0110001000000000
803	Heaven & Earth (1993)	0100000010000000
804	Jimmy Hollywood (1994)	0000010000000000
805	Manhattan Murder Mystery (1993)	0000010000000100
806	Menace II Society (1993)	0100001010000000
807	Poetic Justice (1993)	0000000010000000
808	Program, The (1993)	0100000010000000
809	Rising Sun (1993)	0100000010000100
810	Shadow, The (1994)	0100000000000000
811	Thirty-Two Short Films About Glenn Gould (1993)	0000000100000000
812	Andre (1994)	0010100000000000
813	Celluloid Closet, The (1995)	0000000100000000
814	Great Day in Harlem, A (1994)	0000000100000000
815	One Fine Day (1996)	0000000010000010
816	Candyman: Farewell to the Flesh (1995)	0000000000010000
817	Frisk (1995)	0000000010000000
818	Girl 6 (1996)	0000010000000000
819	Eddie (1996)	0000010000000000
820	Space Jam (1996)	0011110001000000
821	Mrs. Winterbourne (1996)	0000010000000010
822	Faces (1968)	0000000010000000
823	Mulholland Falls (1996)	0000001000100000
824	Great White Hype, The (1996)	0000010000000000
825	Arrival, The (1996)	0100000000000001
826	Phantom, The (1996)	0010000000000000
827	Daylight (1996)	0110000000000000
828	Alaska (1996)	0010100000000000
829	Fled (1996)	0110000000000000
830	Power 98 (1995)	0100000000000100
831	Escape from L.A. (1996)	0110000000000001
832	Bogus (1996)	0000100011000000
833	Bulletproof (1996)	0100000000000000
834	Halloween: The Curse of Michael Myers (1995)	0000000000010000
835	Gay Divorcee, The (1934)	0000010000001010
836	Ninotchka (1939)	0000010000000010
837	Meet John Doe (1941)	0000000010000000
838	In the Line of Duty 2 (1987)	0100000000000000
839	Loch Ness (1995)	0000000000010000
840	Last Man Standing (1996)	0100000010000000
841	Glimmer Man, The (1996)	0100000000000000
842	Pollyanna (1960)	0000110010000000
843	Shaggy Dog, The (1959)	0000110000000000
844	Freeway (1996)	0000001000000000
845	That Thing You Do! (1996)	0000010000000000
846	To Gillian on Her 37th Birthday (1996)	0000000010000010
847	Looking for Richard (1996)	0000000110000000
848	Murder, My Sweet (1944)	0000000000100000
849	Days of Thunder (1990)	0100000000000010
850	Perfect Candidate, A (1996)	0000000100000000
851	Two or Three Things I Know About Her (1966)	0000000010000000
852	Bloody Child, The (1996)	0000000010000000
853	Braindead (1992)	0000010000010000
854	Bad Taste (1987)	0000010000010000
855	Diva (1981)	0100000010000110
856	Night on Earth (1991)	0000010010000000
857	Paris Was a Woman (1995)	0000000100000000
858	Amityville: Dollhouse (1996)	0000000000010000
859	April Fool's Day (1986)	0000010000010000
860	Believers, The (1987)	0000000000010000
861	Nosferatu a Venezia (1986)	0000000000010000
862	Jingle All the Way (1996)	0010110000000000
863	Garden of Finzi-Contini, The (Giardino dei Finzi-Contini, Il) (1970)	0000000010000000
864	My Fellow Americans (1996)	0000010000000000
865	Ice Storm, The (1997)	0000000010000000
866	Michael (1996)	0000010000000010
867	Whole Wide World, The (1996)	0000000010000000
868	Hearts and Minds (1996)	0000000010000000
869	Fools Rush In (1997)	0000010000000010
870	Touch (1997)	0000000000000010
871	Vegas Vacation (1997)	0000010000000000
872	Love Jones (1997)	0000000000000010
873	Picture Perfect (1997)	0000010000000010
874	Career Girls (1997)	0000000010000000
875	She's So Lovely (1997)	0000000010000010
876	Money Talks (1997)	0100010000000000
877	Excess Baggage (1997)	0010000000000010
878	That Darn Cat! (1997)	0000110000000100
879	Peacemaker, The (1997)	0100000000000000
880	Soul Food (1997)	0000000010000000
881	Money Talks (1997)	0100010000000000
882	Washington Square (1997)	0000000010000000
883	Telling Lies in America (1997)	0000000010000000
884	Year of the Horse (1997)	0000000100000000
885	Phantoms (1998)	0000000000010000
886	Life Less Ordinary, A (1997)	0000000000000010
887	Eve's Bayou (1997)	0000000010000000
888	One Night Stand (1997)	0000000010000000
889	Tango Lesson, The (1997)	0000000000000010
890	Mortal Kombat: Annihilation (1997)	0110000000000000
891	Bent (1997)	0000000010000000
892	Flubber (1997)	0000110001000000
893	For Richer or Poorer (1997)	0000010000000000
894	Home Alone 3 (1997)	0000110000000000
895	Scream 2 (1997)	0000000000010000
896	Sweet Hereafter, The (1997)	0000000010000000
897	Time Tracers (1995)	0110000000000001
898	Postman, The (1997)	0000000010000000
899	Winter Guest, The (1997)	0000000010000000
900	Kundun (1997)	0000000010000000
901	Mr. Magoo (1997)	0000010000000000
902	Big Lebowski, The (1998)	0000011000000100
903	Afterglow (1997)	0000000010000010
904	Ma vie en rose (My Life in Pink) (1997)	0000010010000000
905	Great Expectations (1998)	0000000010000010
906	Oscar & Lucinda (1997)	0000000010000010
907	Vermin (1998)	0000010000000000
908	Half Baked (1998)	0000010000000000
909	Dangerous Beauty (1998)	0000000010000000
910	Nil By Mouth (1997)	0000000010000000
911	Twilight (1998)	0000001010000000
912	U.S. Marshalls (1998)	0100000000000000
913	Love and Death on Long Island (1997)	0000010000000000
914	Wild Things (1998)	0000001010000100
915	Primary Colors (1998)	0000000010000000
916	Lost in Space (1998)	0100000000000001
917	Mercury Rising (1998)	0100000010000000
918	City of Angels (1998)	0000000000000010
919	City of Lost Children, The (1995)	0010000000000001
920	Two Bits (1995)	0000000010000000
921	Farewell My Concubine (1993)	0000000010000010
922	Dead Man (1995)	0000000000000000
923	Raise the Red Lantern (1991)	0000000010000000
924	White Squall (1996)	0010000010000000
925	Unforgettable (1996)	0000000000000001
926	Down Periscope (1996)	0000010000000000
927	Flower of My Secret, The (Flor de mi secreto, La) (1995)	0000000010000000
928	Craft, The (1996)	0000000010010000
929	Harriet the Spy (1996)	0000110000000000
930	Chain Reaction (1996)	0110000000000000
931	Island of Dr. Moreau, The (1996)	0000000000000001
932	First Kid (1996)	0000110000000000
933	Funeral, The (1996)	0000000010000000
934	Preacher's Wife, The (1996)	0000000010000000
935	Paradise Road (1997)	0000000010000000
936	Brassed Off (1996)	0000010010000010
937	Thousand Acres, A (1997)	0000000010000000
938	Smile Like Yours, A (1997)	0000010000000010
939	Murder in the First (1995)	0000000010000000
940	Airheads (1994)	0000010000000000
941	With Honors (1994)	0000010010000000
942	What's Love Got to Do with It (1993)	0000000010000000
943	Killing Zoe (1994)	0000000000000000
944	Renaissance Man (1994)	0000010010000000
945	Charade (1963)	0000010000000110
946	Fox and the Hound, The (1981)	0001100000000000
947	Big Blue, The (Grand bleu, Le) (1988)	0010000000000010
948	Booty Call (1997)	0000010000000010
949	How to Make an American Quilt (1995)	0000000010000010
950	Georgia (1995)	0000000010000000
951	Indian in the Cupboard, The (1995)	0010100001000000
952	Blue in the Face (1995)	0000010000000000
953	Unstrung Heroes (1995)	0000010010000000
954	Unzipped (1995)	0000000100000000
955	Before Sunrise (1995)	0000000010000010
956	Nobody's Fool (1994)	0000000010000000
957	Pushing Hands (1992)	0000010000000000
958	To Live (Huozhe) (1994)	0000000010000000
959	Dazed and Confused (1993)	0000010000000000
960	Naked (1993)	0000000010000000
961	Orlando (1993)	0000000010000000
962	Ruby in Paradise (1993)	0000000010000000
963	Some Folks Call It a Sling Blade (1993)	0000000010000000
964	Month by the Lake, A (1995)	0000010010000000
965	Funny Face (1957)	0000010000001000
966	Affair to Remember, An (1957)	0000000000000010
967	Little Lord Fauntleroy (1936)	0000000010000000
968	Inspector General, The (1949)	0000000000001000
969	Winnie the Pooh and the Blustery Day (1968)	0001100000000000
970	Hear My Song (1991)	0000010000000000
971	Mediterraneo (1991)	0000010000000000
972	Passion Fish (1992)	0000000010000000
973	Grateful Dead (1995)	0000000100000000
974	Eye for an Eye (1996)	0000000010000000
975	Fear (1996)	0000000000000000
976	Solo (1996)	0100000000000001
977	Substitute, The (1996)	0100000000000000
978	Heaven's Prisoners (1996)	0000000000000100
979	Trigger Effect, The (1996)	0000000010000000
980	Mother Night (1996)	0000000010000000
981	Dangerous Ground (1997)	0000000010000000
982	Maximum Risk (1996)	0110000000000000
983	Rich Man's Wife, The (1996)	0000000000000000
984	Shadow Conspiracy (1997)	0000000000000000
985	Blood & Wine (1997)	0000000010000000
986	Turbulence (1997)	0000000000000000
987	Underworld (1997)	0000000000000000
988	Beautician and the Beast, The (1997)	0000010000000010
989	Cats Don't Dance (1997)	0001100000001000
990	Anna Karenina (1997)	0000000010000010
991	Keys to Tulsa (1997)	0000001000000000
992	Head Above Water (1996)	0000010000000000
993	Hercules (1997)	0011110000001000
994	Last Time I Committed Suicide, The (1997)	0000000010000000
995	Kiss Me, Guido (1997)	0000010000000000
996	Big Green, The (1995)	0000110000000000
997	Stuart Saves His Family (1995)	0000010000000000
998	Cabin Boy (1994)	0000010000000000
999	Clean Slate (1994)	0000010000000000
1000	Lightning Jack (1994)	0000010000000000
1001	Stupids, The (1996)	0000010000000000
1002	Pest, The (1997)	0000010000000000
1003	That Darn Cat! (1997)	0000110000000100
1004	Geronimo: An American Legend (1993)	0000000010000000
1005	Double vie de Véronique, La (Double Life of Veronique, The) (1991)	0000000010000000
1006	Until the End of the World (Bis ans Ende der Welt) (1991)	0000000010000001
1007	Waiting for Guffman (1996)	0000010000000000
1008	I Shot Andy Warhol (1996)	0000000010000000
1009	Stealing Beauty (1996)	0000000010000000
1010	Basquiat (1996)	0000000010000000
1011	2 Days in the Valley (1996)	0000001000000000
1012	Private Parts (1997)	0000010010000000
1013	Anaconda (1997)	0110000000000000
1014	Romy and Michele's High School Reunion (1997)	0000010000000000
1015	Shiloh (1997)	0000100010000000
1016	Con Air (1997)	0110000000000000
1017	Trees Lounge (1996)	0000000010000000
1018	Tie Me Up! Tie Me Down! (1990)	0000000010000000
1019	Die xue shuang xiong (Killer, The) (1989)	0100000000000000
1020	Gaslight (1944)	0000000000000100
1021	8 1/2 (1963)	0000000010000000
1022	Fast, Cheap & Out of Control (1997)	0000000100000000
1023	Fathers' Day (1997)	0000010000000000
1024	Mrs. Dalloway (1997)	0000000000000010
1025	Fire Down Below (1997)	0100000010000000
1026	Lay of the Land, The (1997)	0000010010000000
1027	Shooter, The (1995)	0100000000000000
1028	Grumpier Old Men (1995)	0000010000000010
1029	Jury Duty (1995)	0000010000000000
1030	Beverly Hillbillies, The (1993)	0000010000000000
1031	Lassie (1994)	0010100000000000
1032	Little Big League (1994)	0000110000000000
1033	Homeward Bound II: Lost in San Francisco (1996)	0010100000000000
1034	Quest, The (1996)	0110000000000000
1035	Cool Runnings (1993)	0000010000000000
1036	Drop Dead Fred (1991)	0000010001000000
1037	Grease 2 (1982)	0000010000001010
1038	Switchback (1997)	0000000000000000
1039	Hamlet (1996)	0000000010000000
1040	Two if by Sea (1996)	0000010000000010
1041	Forget Paris (1995)	0000010000000010
1042	Just Cause (1995)	0000000000000100
1043	Rent-a-Kid (1995)	0000010000000000
1044	Paper, The (1994)	0000010010000000
1045	Fearless (1993)	0000000010000000
1046	Malice (1993)	0000000000000000
1047	Multiplicity (1996)	0000010000000000
1048	She's the One (1996)	0000010000000010
1049	House Arrest (1996)	0000010000000000
1050	Ghost and Mrs. Muir, The (1947)	0000000010000010
1051	Associate, The (1996)	0000010000000000
1052	Dracula: Dead and Loving It (1995)	0000010000010000
1053	Now and Then (1995)	0000000010000000
1054	Mr. Wrong (1996)	0000010000000000
1055	Simple Twist of Fate, A (1994)	0000000010000000
1056	Cronos (1992)	0000000000010000
1057	Pallbearer, The (1996)	0000010000000000
1058	War, The (1994)	0010000010000000
1059	Don't Be a Menace to South Central While Drinking Your Juice in the Hood (1996)	0000010000000000
1060	Adventures of Pinocchio, The (1996)	0010100000000000
1061	Evening Star, The (1996)	0000010010000000
1062	Four Days in September (1997)	0000000010000000
1063	Little Princess, A (1995)	0000100010000000
1064	Crossfire (1947)	0000001000100000
1065	Koyaanisqatsi (1983)	0000000100000000
1066	Balto (1995)	0001100000000000
1067	Bottle Rocket (1996)	0000010000000000
1068	Star Maker, The (Uomo delle stelle, L') (1995)	0000000010000000
1069	Amateur (1994)	0000001010000000
1070	Living in Oblivion (1995)	0000010000000000
1071	Party Girl (1995)	0000010000000000
1072	Pyromaniac's Love Story, A (1995)	0000010000000010
1073	Shallow Grave (1994)	0000000000000000
1074	Reality Bites (1994)	0000010010000000
1075	Man of No Importance, A (1994)	0000000010000000
1076	Pagemaster, The (1994)	0111100001000000
1077	Love and a .45 (1994)	0000000000000000
1078	Oliver & Company (1988)	0001100000000000
1079	Joe's Apartment (1996)	0000010000001000
1080	Celestial Clockwork (1994)	0000010000000000
1081	Curdled (1996)	0000001000000000
1082	Female Perversions (1996)	0000000010000000
1083	Albino Alligator (1996)	0000001000000000
1084	Anne Frank Remembered (1995)	0000000100000000
1085	Carried Away (1996)	0000000010000010
1086	It's My Party (1995)	0000000010000000
1087	Bloodsport 2 (1995)	0100000000000000
1088	Double Team (1997)	0100000000000000
1089	Speed 2: Cruise Control (1997)	0100000000000010
1090	Sliver (1993)	0000000000000000
1091	Pete's Dragon (1977)	0011100000001000
1092	Dear God (1996)	0000010000000000
1093	Live Nude Girls (1995)	0000010000000000
1094	Thin Line Between Love and Hate, A (1996)	0000010000000000
1095	High School High (1996)	0000010000000000
1096	Commandments (1997)	0000000000000010
1097	Hate (Haine, La) (1995)	0000000010000000
1098	Flirting With Disaster (1996)	0000010000000000
1099	Red Firecracker, Green Firecracker (1994)	0000000010000000
1100	What Happened Was... (1994)	0000010010000010
1101	Six Degrees of Separation (1993)	0000000010000100
1102	Two Much (1996)	0000010000000010
1103	Trust (1990)	0000010010000000
1104	C'est arrivé près de chez vous (1992)	0000011010000000
1105	Firestorm (1998)	0110000000000000
1106	Newton Boys, The (1998)	0000001010000000
1107	Beyond Rangoon (1995)	0000000010000000
1108	Feast of July (1995)	0000000010000000
1109	Death and the Maiden (1994)	0000000010000000
1110	Tank Girl (1995)	0100010000001001
1111	Double Happiness (1994)	0000000010000000
1112	Cobb (1994)	0000000010000000
1113	Mrs. Parker and the Vicious Circle (1994)	0000000010000000
1114	Faithful (1996)	0000010000000000
1115	Twelfth Night (1996)	0000010010000010
1116	Mark of Zorro, The (1940)	0010000000000000
1117	Surviving Picasso (1996)	0000000010000000
1118	Up in Smoke (1978)	0000010000000000
1119	Some Kind of Wonderful (1987)	0000000010000010
1120	I'm Not Rappaport (1996)	0000010000000000
1121	Umbrellas of Cherbourg, The (Parapluies de Cherbourg, Les) (1964)	0000000010001000
1122	They Made Me a Criminal (1939)	0000001010000000
1123	Last Time I Saw Paris, The (1954)	0000000010000000
1124	Farewell to Arms, A (1932)	0000000000000010
1125	Innocents, The (1961)	0000000000000000
1126	Old Man and the Sea, The (1958)	0010000010000000
1127	Truman Show, The (1998)	0000000010000000
1128	Heidi Fleiss: Hollywood Madam (1995) 	0000000100000000
1129	Chungking Express (1994)	0000000010000110
1130	Jupiter's Wife (1994)	0000000100000000
1131	Safe (1995)	0000000000000000
1132	Feeling Minnesota (1996)	0000000010000010
1133	Escape to Witch Mountain (1975)	0010100001000000
1134	Get on the Bus (1996)	0000000010000000
1135	Doors, The (1991)	0000000010001000
1136	Ghosts of Mississippi (1996)	0000000010000000
1137	Beautiful Thing (1996)	0000000010000010
1138	Best Men (1997)	0100011010000000
1139	Hackers (1995)	0100001000000000
1140	Road to Wellville, The (1994)	0000010000000000
1141	War Room, The (1993)	0000000100000000
1142	When We Were Kings (1996)	0000000100000000
1143	Hard Eight (1996)	0000001000000000
1144	Quiet Room, The (1996)	0000000010000000
1145	Blue Chips (1994)	0000000010000000
1146	Calendar Girl (1993)	0000000010000000
1147	My Family (1995)	0000000010000000
1148	Tom & Viv (1994)	0000000010000000
1149	Walkabout (1971)	0000000010000000
1150	Last Dance (1996)	0000000010000000
1151	Original Gangstas (1996)	0000001000000000
1152	In Love and War (1996)	0000000000000010
1153	Backbeat (1993)	0000000010001000
1154	Alphaville (1965)	0000000000000001
1155	Rendezvous in Paris (Rendez-vous de Paris, Les) (1995)	0000010000000010
1156	Cyclo (1995)	0000001010000000
1157	Relic, The (1997)	0000000000010000
1158	Fille seule, La (A Single Girl) (1995)	0000000010000000
1159	Stalker (1979)	0000000000000101
1160	Love! Valour! Compassion! (1997)	0000000010000010
1161	Palookaville (1996)	0100000010000000
1162	Phat Beach (1996)	0000010000000000
1163	Portrait of a Lady, The (1996)	0000000010000000
1164	Zeus and Roxanne (1997)	0000100000000000
1165	Big Bully (1996)	0000010010000000
1166	Love & Human Remains (1993)	0000010000000000
1167	Sum of Us, The (1994)	0000010000000000
1168	Little Buddha (1993)	0000000010000000
1169	Fresh (1994)	0000000010000000
1170	Spanking the Monkey (1994)	0000010010000000
1171	Wild Reeds (1994)	0000000010000000
1172	Women, The (1939)	0000010000000000
1173	Bliss (1997)	0000000010000010
1174	Caught (1996)	0000000010000000
1175	Hugo Pool (1997)	0000000000000010
1176	Welcome To Sarajevo (1997)	0000000010000000
1177	Dunston Checks In (1996)	0000010000000000
1178	Major Payne (1994)	0000010000000000
1179	Man of the House (1995)	0000010000000000
1180	I Love Trouble (1994)	0100010000000000
1181	Low Down Dirty Shame, A (1994)	0100010000000000
1182	Cops and Robbersons (1994)	0000010000000000
1183	Cowboy Way, The (1994)	0100010000000000
1184	Endless Summer 2, The (1994)	0000000100000000
1185	In the Army Now (1994)	0000010000000000
1186	Inkwell, The (1994)	0000010010000000
1187	Switchblade Sisters (1975)	0000001000000000
1188	Young Guns II (1990)	0100010000000000
1189	Prefontaine (1997)	0000000010000000
1190	That Old Feeling (1997)	0000010000000010
1191	Letter From Death Row, A (1998)	0000001010000000
1192	Boys of St. Vincent, The (1993)	0000000010000000
1193	Before the Rain (Pred dozhdot) (1994)	0000000010000000
1194	Once Were Warriors (1994)	0000001010000000
1195	Strawberry and Chocolate (Fresa y chocolate) (1993)	0000000010000000
1196	Savage Nights (Nuits fauves, Les) (1992)	0000000010000000
1197	Family Thing, A (1996)	0000010010000000
1198	Purple Noon (1960)	0000001000000000
1199	Cemetery Man (Dellamorte Dellamore) (1994)	0000010000010000
1200	Kim (1950)	0000100010000000
1201	Marlene Dietrich: Shadow and Light (1996) 	0000000100000000
1202	Maybe, Maybe Not (Bewegte Mann, Der) (1994)	0000010000000000
1203	Top Hat (1935)	0000010000001010
1204	To Be or Not to Be (1942)	0000010010000000
1205	Secret Agent, The (1996)	0000000010000000
1206	Amos & Andrew (1993)	0000010000000000
1207	Jade (1995)	0000000000000000
1208	Kiss of Death (1995)	0000001010000000
1209	Mixed Nuts (1994)	0000010000000000
1210	Virtuosity (1995)	0000000000000001
1211	Blue Sky (1994)	0000000010000010
1212	Flesh and Bone (1993)	0000000010000110
1213	Guilty as Sin (1993)	0000001010000000
1214	In the Realm of the Senses (Ai no corrida) (1976)	0000000010000000
1215	Barb Wire (1996)	0100000000000001
1216	Kissed (1996)	0000000000000010
1217	Assassins (1995)	0000000000000000
1218	Friday (1995)	0000010000000000
1219	Goofy Movie, A (1995)	0001110000000010
1220	Higher Learning (1995)	0000000010000000
1221	When a Man Loves a Woman (1994)	0000000010000000
1222	Judgment Night (1993)	0100000000000000
1223	King of the Hill (1993)	0000000010000000
1224	Scout, The (1994)	0000000010000000
1225	Angus (1995)	0000010000000000
1226	Night Falls on Manhattan (1997)	0000001010000000
1227	Awfully Big Adventure, An (1995)	0000000010000000
1228	Under Siege 2: Dark Territory (1995)	0100000000000000
1229	Poison Ivy II (1995)	0000000010000000
1230	Ready to Wear (Pret-A-Porter) (1994)	0000010000000000
1231	Marked for Death (1990)	0100000010000000
1232	Madonna: Truth or Dare (1991)	0000000100000000
1233	Nénette et Boni (1996)	0000000010000000
1234	Chairman of the Board (1998)	0000010000000000
1235	Big Bang Theory, The (1994)	0000001000000000
1236	Other Voices, Other Rooms (1997)	0000000010000000
1237	Twisted (1996)	0000010010000000
1238	Full Speed (1996)	0000000010000000
1239	Cutthroat Island (1995)	0110000000000010
1240	Ghost in the Shell (Kokaku kidotai) (1995)	0001000000000001
1241	Van, The (1996)	0000010010000000
1242	Old Lady Who Walked in the Sea, The (Vieille qui marchait dans la mer, La) (1991)	0000010000000000
1243	Night Flier (1997)	0000000000010000
1244	Metro (1997)	0100000000000000
1245	Gridlock'd (1997)	0000001000000000
1246	Bushwhacked (1995)	0000010000000000
1247	Bad Girls (1994)	0000000000000000
1248	Blink (1994)	0000000000000000
1249	For Love or Money (1993)	0000010000000000
1250	Best of the Best 3: No Turning Back (1995)	0100000000000000
1251	A Chef in Love (1996)	0000010000000000
1252	Contempt (Mépris, Le) (1963)	0000000010000000
1253	Tie That Binds, The (1995)	0000000000000000
1254	Gone Fishin' (1997)	0000010000000000
1255	Broken English (1996)	0000000010000000
1256	Designated Mourner, The (1997)	0000000010000000
1257	Designated Mourner, The (1997)	0000000010000000
1258	Trial and Error (1997)	0000010000000010
1259	Pie in the Sky (1995)	0000010000000010
1260	Total Eclipse (1995)	0000000010000000
1261	Run of the Country, The (1995)	0000000010000000
1262	Walking and Talking (1996)	0000000000000010
1263	Foxfire (1996)	0000000010000000
1264	Nothing to Lose (1994)	0000000010000000
1265	Star Maps (1997)	0000000010000000
1266	Bread and Chocolate (Pane e cioccolata) (1973)	0000000010000000
1267	Clockers (1995)	0000000010000000
1268	Bitter Moon (1992)	0000000010000000
1269	Love in the Afternoon (1957)	0000010000000010
1270	Life with Mikey (1993)	0000010000000000
1271	North (1994)	0000010000000000
1272	Talking About Sex (1994)	0000010010000000
1273	Color of Night (1994)	0000000010000000
1274	Robocop 3 (1993)	0000000000000001
1275	Killer (Bulletproof Heart) (1994)	0000000000000000
1276	Sunset Park (1996)	0000000010000000
1277	Set It Off (1996)	0100001000000000
1278	Selena (1997)	0000000010001000
1279	Wild America (1997)	0010100000000000
1280	Gang Related (1997)	0000001000000000
1281	Manny & Lo (1996)	0000000010000000
1282	Grass Harp, The (1995)	0000000010000000
1283	Out to Sea (1997)	0000010000000000
1284	Before and After (1996)	0000000010000100
1285	Princess Caraboo (1994)	0000000010000000
1286	Shall We Dance? (1937)	0000010000001010
1287	Ed (1996)	0000010000000000
1288	Denise Calls Up (1995)	0000010000000000
1289	Jack and Sarah (1995)	0000000000000010
1290	Country Life (1994)	0000000010000010
1291	Celtic Pride (1996)	0000010000000000
1292	Simple Wish, A (1997)	0000100001000000
1293	Star Kid (1997)	0010100001000001
1294	Ayn Rand: A Sense of Life (1997)	0000000100000000
1295	Kicked in the Head (1997)	0000010010000000
1296	Indian Summer (1996)	0000010010000000
1297	Love Affair (1994)	0000000010000010
1298	Band Wagon, The (1953)	0000010000001000
1299	Penny Serenade (1941)	0000000010000010
1300	'Til There Was You (1997)	0000000010000010
1301	Stripes (1981)	0000010000000000
1302	Late Bloomers (1996)	0000010000000000
1303	Getaway, The (1994)	0100000000000000
1304	New York Cop (1996)	0100001000000000
1305	National Lampoon's Senior Trip (1995)	0000010000000000
1306	Delta of Venus (1994)	0000000010000000
1307	Carmen Miranda: Bananas Is My Business (1994)	0000000100000000
1308	Babyfever (1994)	0000010010000000
1309	Very Natural Thing, A (1974)	0000000010000000
1310	Walk in the Sun, A (1945)	0000000010000000
1311	Waiting to Exhale (1995)	0000010010000000
1312	Pompatus of Love, The (1996)	0000010010000000
1313	Palmetto (1998)	0000000000100100
1314	Surviving the Game (1994)	0110000000000000
1315	Inventing the Abbotts (1997)	0000000010000010
1316	Horse Whisperer, The (1998)	0000000010000000
1317	Journey of August King, The (1995)	0000000010000000
1318	Catwalk (1995)	0000000100000000
1319	Neon Bible, The (1995)	0000000010000000
1320	Homage (1995)	0000000010000000
1321	Open Season (1996)	0000010000000000
1322	Metisse (Café au Lait) (1993)	0000010000000000
1323	Wooden Man's Bride, The (Wu Kui) (1994)	0000000010000000
1324	Loaded (1994)	0000000010000000
1325	August (1996)	0000000010000000
1326	Boys (1996)	0000000010000000
1327	Captives (1994)	0000000010000000
1328	Of Love and Shadows (1994)	0000000010000000
1329	Low Life, The (1994)	0000000010000000
1330	An Unforgettable Summer (1994)	0000000010000000
1331	Last Klezmer: Leopold Kozlowski, His Life and Music, The (1995)	0000000100000000
1332	My Life and Times With Antonin Artaud (En compagnie d'Antonin Artaud) (1993)	0000000010000000
1333	Midnight Dancers (Sibak) (1994)	0000010010000000
1334	Somebody to Love (1994)	0000000010000000
1335	American Buffalo (1996)	0000000010000000
1336	Kazaam (1996)	0000110001000000
1337	Larger Than Life (1996)	0000010000000000
1338	Two Deaths (1995)	0000000010000000
1339	Stefano Quantestorie (1993)	0000010010000000
1340	Crude Oasis, The (1995)	0000000000000010
1341	Hedd Wyn (1992)	0000000010000000
1342	Convent, The (Convento, O) (1995)	0000000010000000
1343	Lotto Land (1995)	0000000010000000
1344	Story of Xinghua, The (1993)	0000000010000000
1345	Day the Sun Turned Cold, The (Tianguo niezi) (1994)	0000000010000000
1346	Dingo (1992)	0000000010000000
1347	Ballad of Narayama, The (Narayama Bushiko) (1958)	0000000010000000
1348	Every Other Weekend (1990)	0000000010000000
1349	Mille bolle blu (1993)	0000010000000000
1350	Crows and Sparrows (1949)	0000000010000000
1351	Lover's Knot (1996)	0000010000000000
1352	Shadow of Angels (Schatten der Engel) (1976)	0000000010000000
1353	1-900 (1994)	0000000000000010
1354	Venice/Venice (1992)	0000000010000000
1355	Infinity (1996)	0000000010000000
1356	Ed's Next Move (1996)	0000010000000000
1357	For the Moment (1994)	0000000000000010
1358	The Deadly Cure (1996)	0100000000000000
1359	Boys in Venice (1996)	0000000010000000
1360	Sexual Life of the Belgians, The (1994)	0000010000000000
1361	Search for One-eye Jimmy, The (1996)	0000010000000000
1362	American Strays (1996)	0100000000000000
1363	Leopard Son, The (1996)	0000000100000000
1364	Bird of Prey (1996)	0100000000000000
1365	Johnny 100 Pesos (1993)	0100000010000000
1366	JLG/JLG - autoportrait de décembre (1994)	0000000110000000
1367	Faust (1994)	0001000000000000
1368	Mina Tannenbaum (1994)	0000000010000000
1369	Forbidden Christ, The (Cristo proibito, Il) (1950)	0000000010000000
1370	I Can't Sleep (J'ai pas sommeil) (1994)	0000000010000000
1371	Machine, The (1994)	0000010000010000
1372	Stranger, The (1994)	0100000000000000
1373	Good Morning (1971)	1000000000000000
1374	Falling in Love Again (1980)	0000010000000000
1375	Cement Garden, The (1993)	0000000010000000
1376	Meet Wally Sparks (1997)	0000010000000000
1377	Hotel de Love (1996)	0000010000000010
1378	Rhyme & Reason (1997)	0000000100000000
1379	Love and Other Catastrophes (1996)	0000000000000010
1380	Hollow Reed (1996)	0000000010000000
1381	Losing Chase (1996)	0000000010000000
1382	Bonheur, Le (1965)	0000000010000000
1383	Second Jungle Book: Mowgli & Baloo, The (1997)	0010100000000000
1384	Squeeze (1996)	0000000010000000
1385	Roseanna's Grave (For Roseanna) (1997)	0000010000000010
1386	Tetsuo II: Body Hammer (1992)	0000000000000001
1387	Fall (1997)	0000000000000010
1388	Gabbeh (1996)	0000000010000000
1389	Mondo (1996)	0000000010000000
1390	Innocent Sleep, The (1995)	0000001000000000
1391	For Ever Mozart (1996)	0000000010000000
1392	Locusts, The (1997)	0000000010000000
1393	Stag (1997)	0100000000000000
1394	Swept from the Sea (1997)	0000000000000010
1395	Hurricane Streets (1998)	0000000010000000
1396	Stonewall (1995)	0000000010000000
1397	Of Human Bondage (1934)	0000000010000000
1398	Anna (1996)	0000000010000000
1399	Stranger in the House (1997)	0000000000000000
1400	Picture Bride (1995)	0000000010000010
1401	M. Butterfly (1993)	0000000010000000
1402	Ciao, Professore! (1993)	0000000010000000
1403	Caro Diario (Dear Diary) (1994)	0000010010000000
1404	Withnail and I (1987)	0000010000000000
1405	Boy's Life 2 (1997)	0000000010000000
1406	When Night Is Falling (1995)	0000000010000010
1407	Specialist, The (1994)	0100000000000000
1408	Gordy (1995)	0000010000000000
1409	Swan Princess, The (1994)	0001100000000000
1410	Harlem (1993)	0000000010000000
1411	Barbarella (1968)	0010000000000001
1412	Land Before Time III: The Time of the Great Giving (1995) (V)	0001100000000000
1413	Street Fighter (1994)	0100000000000000
1414	Coldblooded (1995)	0100000000000000
1415	Next Karate Kid, The (1994)	0100100000000000
1416	No Escape (1994)	0100000000000001
1417	Turning, The (1992)	0000000010000000
1418	Joy Luck Club, The (1993)	0000000010000000
1419	Highlander III: The Sorcerer (1994)	0100000000000001
1420	Gilligan's Island: The Movie (1998)	0000010000000000
1421	My Crazy Life (Mi vida loca) (1993)	0000000010000000
1422	Suture (1993)	0000000000100000
1423	Walking Dead, The (1995)	0000000010000000
1424	I Like It Like That (1994)	0000010010000010
1425	I'll Do Anything (1994)	0000010010000000
1426	Grace of My Heart (1996)	0000010010000000
1427	Drunks (1995)	0000000010000000
1428	SubUrbia (1997)	0000010000000000
1429	Sliding Doors (1998)	0000000010000010
1430	Ill Gotten Gains (1997)	0000000010000000
1431	Legal Deceit (1997)	0000000000000000
1432	Mighty, The (1998)	0000000010000000
1433	Men of Means (1998)	0100000010000000
1434	Shooting Fish (1997)	0000000000000010
1435	Steal Big, Steal Little (1995)	0000010000000000
1436	Mr. Jones (1993)	0000000010000010
1437	House Party 3 (1994)	0000010000000000
1438	Panther (1995)	0000000010000000
1439	Jason's Lyric (1994)	0000001010000000
1440	Above the Rim (1994)	0000000010000000
1441	Moonlight and Valentino (1995)	0000000010000010
1442	Scarlet Letter, The (1995)	0000000010000000
1443	8 Seconds (1994)	0000000010000000
1444	That Darn Cat! (1965)	0000110000000100
1445	Ladybird Ladybird (1994)	0000000010000000
1446	Bye Bye, Love (1995)	0000010000000000
1447	Century (1993)	0000000010000000
1448	My Favorite Season (1993)	0000000010000000
1449	Pather Panchali (1955)	0000000010000000
1450	Golden Earrings (1947)	0010000000000010
1451	Foreign Correspondent (1940)	0000000000000000
1452	Lady of Burlesque (1943)	0000010000000100
1453	Angel on My Shoulder (1946)	0000001010000000
1454	Angel and the Badman (1947)	0000000000000000
1455	Outlaw, The (1943)	0000000000000000
1456	Beat the Devil (1954)	0000010010000000
1457	Love Is All There Is (1996)	0000010010000000
1458	Damsel in Distress, A (1937)	0000010000001010
1459	Madame Butterfly (1995)	0000000000001000
1460	Sleepover (1995)	0000010010000000
1461	Here Comes Cookie (1935)	0000010000000000
1462	Thieves (Voleurs, Les) (1996)	0000001010000010
1463	Boys, Les (1997)	0000010000000000
1464	Stars Fell on Henrietta, The (1995)	0000000010000000
1465	Last Summer in the Hamptons (1995)	0000010010000000
1466	Margaret's Museum (1995)	0000000010000000
1467	Saint of Fort Washington, The (1993)	0000000010000000
1468	Cure, The (1995)	0000000010000000
1469	Tom and Huck (1995)	0010100000000000
1470	Gumby: The Movie (1995)	0001100000000000
1471	Hideaway (1995)	0000000000000000
1472	Visitors, The (Visiteurs, Les) (1993)	0000010000000001
1473	Little Princess, The (1939)	0000100010000000
1474	Nina Takes a Lover (1994)	0000010000000010
1475	Bhaji on the Beach (1993)	0000010010000000
1476	Raw Deal (1948)	0000000000100000
1477	Nightwatch (1997)	0000000000010000
1478	Dead Presidents (1995)	0100001010000000
1479	Reckless (1995)	0000010000000000
1480	Herbie Rides Again (1974)	0010110000000000
1481	S.F.W. (1994)	0000000010000000
1482	Gate of Heavenly Peace, The (1995)	0000000100000000
1483	Man in the Iron Mask, The (1998)	0100000010000010
1484	Jerky Boys, The (1994)	0100010000000000
1485	Colonel Chabert, Le (1994)	0000000010000010
1486	Girl in the Cadillac (1995)	0000000010000000
1487	Even Cowgirls Get the Blues (1993)	0000010000000010
1488	Germinal (1993)	0000000010000000
1489	Chasers (1994)	0000010000000000
1490	Fausto (1993)	0000010000000000
1491	Tough and Deadly (1995)	0100000010000000
1492	Window to Paris (1994)	0000010000000000
1493	Modern Affair, A (1995)	0000000000000010
1494	Mostro, Il (1994)	0000010000000000
1495	Flirt (1995)	0000000010000000
1496	Carpool (1996)	0000011000000000
1497	Line King: Al Hirschfeld, The (1996)	0000000100000000
1498	Farmer & Chase (1995)	0000010000000000
1499	Grosse Fatigue (1994)	0000010000000000
1500	Santa with Muscles (1996)	0000010000000000
1501	Prisoner of the Mountains (Kavkazsky Plennik) (1996)	0000000000000000
1502	Naked in New York (1994)	0000010000000010
1503	Gold Diggers: The Secret of Bear Mountain (1995)	0010100000000000
1504	Bewegte Mann, Der (1994)	0000010000000000
1505	Killer: A Journal of Murder (1995)	0000001010000000
1506	Nelly & Monsieur Arnaud (1995)	0000000010000000
1507	Three Lives and Only One Death (1996)	0000010000000000
1508	Babysitter, The (1995)	0000000010000000
1509	Getting Even with Dad (1994)	0000010000000000
1510	Mad Dog Time (1996)	0000001000000000
1511	Children of the Revolution (1996)	0000010000000000
1512	World of Apu, The (Apur Sansar) (1959)	0000000010000000
1513	Sprung (1997)	0000010000000000
1514	Dream With the Fishes (1997)	0000000010000000
1515	Wings of Courage (1995)	0010000000000010
1516	Wedding Gift, The (1994)	0000000010000000
1517	Race the Sun (1996)	0000000010000000
1518	Losing Isaiah (1995)	0000000010000000
1519	New Jersey Drive (1995)	0000001010000000
1520	Fear, The (1995)	0000000000010000
1521	Mr. Wonderful (1993)	0000010000000010
1522	Trial by Jury (1994)	0000000000000000
1523	Good Man in Africa, A (1994)	0110000000000000
1524	Kaspar Hauser (1993)	0000000010000000
1525	Object of My Affection, The (1998)	0000010000000010
1526	Witness (1985)	0000000010000010
1527	Senseless (1998)	0000010000000000
1528	Nowhere (1997)	0000000010000000
1529	Underground (1995)	0000000000000000
1530	Jefferson in Paris (1995)	0000000010000000
1531	Far From Home: The Adventures of Yellow Dog (1995)	0010100000000000
1532	Foreign Student (1994)	0000000010000000
1533	I Don't Want to Talk About It (De eso no se habla) (1993)	0000000010000000
1534	Twin Town (1997)	0000011000000000
1535	Enfer, L' (1994)	0000000010000000
1536	Aiqing wansui (1994)	0000000010000000
1537	Cosi (1996)	0000010000000000
1538	All Over Me (1997)	0000000010000000
1539	Being Human (1993)	0000000010000000
1540	Amazing Panda Adventure, The (1995)	0010100000000000
1541	Beans of Egypt, Maine, The (1994)	0000000010000000
1542	Scarlet Letter, The (1926)	0000000010000000
1543	Johns (1996)	0000000010000000
1544	It Takes Two (1995)	0000010000000000
1545	Frankie Starlight (1995)	0000000010000010
1546	Shadows (Cienie) (1988)	0000000010000000
1547	Show, The (1995)	0000000100000000
1548	The Courtyard (1995)	0100000000000000
1549	Dream Man (1995)	0000000000000000
1550	Destiny Turns on the Radio (1995)	0000010000000000
1551	Glass Shield, The (1994)	0000000010000000
1552	Hunted, The (1995)	0100000000000000
1553	Underneath, The (1995)	0000000000000100
1554	Safe Passage (1994)	0000000010000000
1555	Secret Adventures of Tom Thumb, The (1993)	0010100000000000
1556	Condition Red (1995)	0100000010000000
1557	Yankee Zulu (1994)	0000010010000000
1558	Aparajito (1956)	0000000010000000
1559	Hostile Intentions (1994)	0100000010000000
1560	Clean Slate (Coup de Torchon) (1981)	0000001000000000
1561	Tigrero: A Film That Was Never Made (1994)	0000000110000000
1562	Eye of Vichy, The (Oeil de Vichy, L') (1993)	0000000100000000
1563	Promise, The (Versprechen, Das) (1994)	0000000000000010
1564	To Cross the Rubicon (1991)	0000000010000000
1565	Daens (1992)	0000000010000000
1566	Man from Down Under, The (1943)	0000000010000000
1567	Careful (1992)	0000010000000000
1568	Vermont Is For Lovers (1992)	0000010000000010
1569	Vie est belle, La (Life is Rosey) (1987)	0000010010000000
1570	Quartier Mozart (1992)	0000010000000000
1571	Touki Bouki (Journey of the Hyena) (1973)	0000000010000000
1572	Wend Kuuni (God's Gift) (1982)	0000000010000000
1573	Spirits of the Dead (Tre passi nel delirio) (1968)	0000000000010000
1574	Pharaoh's Army (1995)	0000000000000000
1575	I, Worst of All (Yo, la peor de todas) (1990)	0000000010000000
1576	Hungarian Fairy Tale, A (1987)	0000000001000000
1577	Death in the Garden (Mort en ce jardin, La) (1956)	0000000010000000
1578	Collectionneuse, La (1967)	0000000010000000
1579	Baton Rouge (1988)	0000000000000000
1580	Liebelei (1933)	0000000000000010
1581	Woman in Question, The (1950)	0000000000000100
1582	T-Men (1947)	0000000000100000
1583	Invitation, The (Zaproszenie) (1986)	0000000010000000
1584	Symphonie pastorale, La (1946)	0000000010000000
1585	American Dream (1990)	0000000100000000
1586	Lashou shentan (1992)	0100001010000000
1587	Terror in a Texas Town (1958)	0000000000000000
1588	Salut cousin! (1996)	0000010010000000
1589	Schizopolis (1996)	0000010000000000
1590	To Have, or Not (1995)	0000000010000000
1591	Duoluo tianshi (1995)	0000000010000000
1592	Magic Hour, The (1998)	0000000010000000
1593	Death in Brunswick (1991)	0000010000000000
1594	Everest (1998)	0000000100000000
1595	Shopping (1994)	0100000000000000
1596	Nemesis 2: Nebula (1995)	0100000000000001
1597	Romper Stomper (1992)	0100000010000000
1598	City of Industry (1997)	0000001000000000
1599	Someone Else's America (1995)	0000000010000000
1600	Guantanamera (1994)	0000010000000000
1601	Office Killer (1997)	0000000000000000
1602	Price Above Rubies, A (1998)	0000000010000000
1603	Angela (1995)	0000000010000000
1604	He Walked by Night (1948)	0000001000100000
1605	Love Serenade (1996)	0000010000000000
1606	Deceiver (1997)	0000001000000000
1607	Hurricane Streets (1998)	0000000010000000
1608	Buddy (1997)	0010100010000000
1609	B*A*P*S (1997)	0000010000000000
1610	Truth or Consequences, N.M. (1997)	0100001000000010
1611	Intimate Relations (1996)	0000010000000000
1612	Leading Man, The (1996)	0000000000000010
1613	Tokyo Fist (1995)	0100000010000000
1614	Reluctant Debutante, The (1958)	0000010010000000
1615	Warriors of Virtue (1997)	0110100001000000
1616	Desert Winds (1995)	0000000010000000
1617	Hugo Pool (1997)	0000000000000010
1618	King of New York (1990)	0100001000000000
1619	All Things Fair (1996)	0000000010000000
1620	Sixth Man, The (1997)	0000010000000000
1621	Butterfly Kiss (1995)	0000000000000000
1622	Paris, France (1993)	0000010000000000
1623	Cérémonie, La (1995)	0000000010000000
1624	Hush (1998)	0000000000000000
1625	Nightwatch (1997)	0000000000010000
1626	Nobody Loves Me (Keiner liebt mich) (1994)	0000010010000000
1627	Wife, The (1995)	0000010010000000
1628	Lamerica (1994)	0000000010000000
1629	Nico Icon (1995)	0000000100000000
1630	Silence of the Palace, The (Saimt el Qusur) (1994)	0000000010000000
1631	Slingshot, The (1993)	0000010010000000
1632	Land and Freedom (Tierra y libertad) (1995)	0000000000000000
1633	Á köldum klaka (Cold Fever) (1994)	0000010010000000
1634	Etz Hadomim Tafus (Under the Domin Tree) (1994)	0000000010000000
1635	Two Friends (1986) 	0000000010000000
1636	Brothers in Trouble (1995)	0000000010000000
1637	Girls Town (1996)	0000000010000000
1638	Normal Life (1996)	0000001010000000
1639	Bitter Sugar (Azucar Amargo) (1996)	0000000010000000
1640	Eighth Day, The (1996)	0000000010000000
1641	Dadetown (1995)	0000000100000000
1642	Some Mother's Son (1996)	0000000010000000
1643	Angel Baby (1995)	0000000010000000
1644	Sudden Manhattan (1996)	0000010000000000
1645	Butcher Boy, The (1998)	0000000010000000
1646	Men With Guns (1997)	0100000010000000
1647	Hana-bi (1997)	0000011010000000
1648	Niagara, Niagara (1997)	0000000010000000
1649	Big One, The (1997)	0000010100000000
1650	Butcher Boy, The (1998)	0000000010000000
1651	Spanish Prisoner, The (1997)	0000000010000000
1652	Temptress Moon (Feng Yue) (1996)	0000000000000010
1653	Entertaining Angels: The Dorothy Day Story (1996)	0000000010000000
1654	Chairman of the Board (1998)	0000010000000000
1655	Favor, The (1994)	0000010000000010
1656	Little City (1998)	0000010000000010
1657	Target (1995)	0100000010000000
1658	Substance of Fire, The (1996)	0000000010000000
1659	Getting Away With Murder (1996)	0000010000000000
1660	Small Faces (1995)	0000000010000000
1661	New Age, The (1994)	0000000010000000
1662	Rough Magic (1995)	0000000010000010
1663	Nothing Personal (1995)	0000000010000000
1664	8 Heads in a Duffel Bag (1997)	0000010000000000
1665	Brother's Kiss, A (1997)	0000000010000000
1666	Ripe (1996)	0000000010000000
1667	Next Step, The (1995)	0000000010000000
1668	Wedding Bell Blues (1996)	0000010000000000
1669	MURDER and murder (1996)	0000001010000100
1670	Tainted (1998)	0000010000000000
1671	Further Gesture, A (1996)	0000000010000000
1672	Kika (1993)	0000000010000000
1673	Mirage (1995)	0100000000000000
1674	Mamma Roma (1962)	0000000010000000
1675	Sunchaser, The (1996)	0000000010000000
1676	War at Home, The (1996)	0000000010000000
1677	Sweet Nothing (1995)	0000000010000000
1678	Mat' i syn (1997)	0000000010000000
1679	B. Monkey (1998)	0000000000000010
1680	Sliding Doors (1998)	0000000010000010
1681	You So Crazy (1994)	0000010000000000
1682	Scream of Stone (Schrei aus Stein) (1991)	0000000010000000
